{
  "home": {
    "dns": 1.199999988079071,
    "tcp": 392.40000000596046,
    "ttfb": 96,
    "domContentLoaded": 893.2999999970198,
    "load": 903.5,
    "fcp": 864,
    "lcp": 0,
    "cls": 0,
    "jsCount": 8,
    "jsSize": 160016,
    "cssCount": 1,
    "cssSize": 7089,
    "totalResources": 14,
    "totalTransferSize": 264263
  },
  "docs": {
    "dns": 0,
    "tcp": 0,
    "ttfb": 93.5,
    "domContentLoaded": 191.70000000298023,
    "load": 204.59999999403954,
    "fcp": 176,
    "lcp": 0,
    "cls": 0,
    "jsCount": 9,
    "jsSize": 6915,
    "cssCount": 1,
    "cssSize": 0,
    "totalResources": 19,
    "totalTransferSize": 24165
  },
  "architecture": {
    "dns": 0,
    "tcp": 0,
    "ttfb": 62.29999999701977,
    "domContentLoaded": 118.20000000298023,
    "load": 297.6000000089407,
    "fcp": 164,
    "lcp": 0,
    "cls": 0,
    "jsCount": 9,
    "jsSize": 6292,
    "cssCount": 1,
    "cssSize": 0,
    "totalResources": 16,
    "totalTransferSize": 14710
  },
  "download": {
    "dns": 0,
    "tcp": 0,
    "ttfb": 75.79999999701977,
    "domContentLoaded": 94.5,
    "load": 186.79999999701977,
    "fcp": 140,
    "lcp": 0,
    "cls": 0,
    "jsCount": 9,
    "jsSize": 6510,
    "cssCount": 1,
    "cssSize": 0,
    "totalResources": 16,
    "totalTransferSize": 14928
  },
  "roadmap": {
    "dns": 0,
    "tcp": 0,
    "ttfb": 88.29999999701977,
    "domContentLoaded": 108.79999999701977,
    "load": 182.5,
    "fcp": 124,
    "lcp": 0,
    "cls": 0,
    "jsCount": 9,
    "jsSize": 5813,
    "cssCount": 1,
    "cssSize": 0,
    "totalResources": 16,
    "totalTransferSize": 14231
  },
  "about": {
    "dns": 0,
    "tcp": 0,
    "ttfb": 87.1000000089407,
    "domContentLoaded": 117.20000000298023,
    "load": 142.20000000298023,
    "fcp": 132,
    "lcp": 0,
    "cls": 0,
    "jsCount": 9,
    "jsSize": 0,
    "cssCount": 1,
    "cssSize": 0,
    "totalResources": 16,
    "totalTransferSize": 8418
  }
}